rowid,kepler_id,koi_identifier,official_name,exoplanet_archive_disposition,disposition_using_kepler_data,disposition_score,flag_not_transit_like,flag_stellar_eclipse,flag_centroid_offset,flag_ephemeris_match_contamination,orbital_period_days,koi_period_err1,koi_period_err2,transit_epoch_bkjd,koi_time0bk_err1,koi_time0bk_err2,impact_parameter,koi_impact_err1,koi_impact_err2,transit_duration_hours,koi_duration_err1,koi_duration_err2,transit_depth_ppm,koi_depth_err1,koi_depth_err2,planetary_radius_earth_radii,koi_prad_err1,koi_prad_err2,equilibrium_temperature_k,insolation_flux,koi_insol_err1,koi_insol_err2,transit_signal_to_noise_ratio,tce_planet_number,tce_delivery_name,stellar_effective_temperature_k,koi_steff_err1,koi_steff_err2,stellar_surface_gravity_log10,koi_slogg_err1,koi_slogg_err2,stellar_radius_solar_radii,koi_srad_err1,koi_srad_err2,right_ascension_deg,declination_deg,kepler_band_magnitude,probability_candidate,probability_confirmed,probability_false_positive,screening_priority_score
22,10601284,K00749.01,Kepler-226 c,CONFIRMED,CANDIDATE,1.0,0,0,0,0,5.349553819,8.834e-06,-8.834e-06,171.80694,0.00127,-0.00127,0.092,0.369,-0.092,3.0278,0.0471,-0.0471,831.0,14.8,-14.8,2.55,0.16,-0.24,919.0,168.99,34.66,-38.48,60.6,1,q1_q17_dr25_tce,5185.0,85.0,-77.0,4.44,0.098,-0.045,0.91,0.057,-0.086,292.37613,47.880989,15.416,0.015,0.985,0.0,100.0
20,10583066,K00747.01,Kepler-661 b,CONFIRMED,CANDIDATE,1.0,0,0,0,0,6.02930329,5.509e-06,-5.509e-06,171.602959,0.000713,-0.000713,0.258,0.196,-0.258,1.5821,0.0311,-0.0311,1912.7,34.4,-34.4,2.85,0.26,-0.15,678.0,50.04,16.4,-9.88,65.4,1,q1_q17_dr25_tce,4537.0,123.0,-123.0,4.648,0.02,-0.056,0.672,0.062,-0.036,283.71088,47.86327,15.784,0.13,0.87,0.0,100.0
7,10872983,K00756.02,Kepler-228 c,CONFIRMED,CANDIDATE,1.0,0,0,0,0,4.13443512,1.046e-05,-1.046e-05,172.97937,0.0019,-0.0019,0.762,0.139,-0.532,3.1402,0.0673,-0.0673,686.0,18.7,-18.7,2.77,0.9,-0.3,1160.0,427.65,420.33,-136.7,40.2,2,q1_q17_dr25_tce,6046.0,189.0,-232.0,4.486,0.054,-0.229,0.972,0.315,-0.105,296.28613,48.22467,15.714,0.015,0.985,0.0,100.0
877,9269281,K01398.01,Unnamed Candidate,CANDIDATE,CANDIDATE,1.0,0,0,0,0,5.82348911,1.333e-05,-1.333e-05,354.99602,0.0016,-0.0016,0.877,0.05,-0.621,2.2441,0.0524,-0.0524,888.7,26.5,-26.5,3.0,0.87,-0.28,955.0,196.33,170.06,-55.9,38.1,1,q1_q17_dr25_tce,5774.0,172.0,-189.0,4.526,0.048,-0.192,0.864,0.249,-0.083,285.96786,45.739071,15.898,0.715,0.285,0.0,100.0
904,9150827,K01408.01,Unnamed Candidate,CANDIDATE,CANDIDATE,1.0,0,0,0,0,14.53410833,5.022e-05,-5.022e-05,145.42643,0.00257,-0.00257,0.766,0.166,-0.524,3.3094,0.0799,-0.0799,510.6,17.5,-17.5,1.36,0.07,-0.09,420.0,7.34,1.33,-1.54,32.5,1,q1_q17_dr25_tce,3957.0,71.0,-87.0,4.693,0.042,-0.018,0.553,0.027,-0.039,290.29456,45.56461,14.688,0.79,0.21,0.0,100.0
923,9391506,K01410.01,Kepler-838 b,CONFIRMED,CANDIDATE,1.0,0,0,0,0,15.74958583,4.701e-05,-4.701e-05,150.24579,0.00231,-0.00231,0.637,0.251,-0.43,4.6672,0.0816,-0.0816,659.5,17.7,-17.7,2.77,0.89,-0.3,777.0,86.18,82.38,-26.73,42.6,1,q1_q17_dr25_tce,6191.0,172.0,-216.0,4.454,0.056,-0.21,1.025,0.332,-0.111,285.43552,45.976021,15.3,0.025,0.975,0.0,100.0
910,12252424,K00153.01,Kepler-113 c,CONFIRMED,CANDIDATE,1.0,0,0,0,0,8.925079516,5.992e-06,-5.992e-06,139.71389,0.000532,-0.000532,0.74,0.003,-0.525,2.6766,0.0265,-0.0265,977.5,8.0,-8.0,2.36,0.16,-0.08,628.0,36.89,8.87,-4.88,135.8,2,q1_q17_dr25_tce,4728.0,94.0,-94.0,4.628,0.012,-0.048,0.693,0.049,-0.021,287.99789,50.944328,13.461,0.025,0.975,0.0,100.0
4289,4474462,K04452.01,Unnamed Candidate,CANDIDATE,CANDIDATE,0.886,0,0,0,0,12.85755895,9.503e-05,-9.503e-05,141.85597,0.00641,-0.00641,0.55,0.033,-0.457,4.831,0.188,-0.188,106.5,8.5,-8.5,1.23,0.19,-0.21,860.0,129.15,52.29,-44.62,14.2,1,q1_q17_dr25_tce,5860.0,79.0,-79.0,4.276,0.162,-0.108,1.156,0.178,-0.195,294.30099,39.519058,13.821,0.825,0.175,0.0,100.0
823,10925104,K00156.03,Kepler-114 d,CONFIRMED,CANDIDATE,1.0,0,0,0,0,11.776132317,6.963e-06,-6.963e-06,142.705753,0.000498,-0.000498,0.54,0.266,-0.335,2.8971,0.0261,-0.0261,1430.8,9.6,-9.6,2.08,0.13,-0.12,446.0,9.37,2.04,-1.75,163.5,1,q1_q17_dr25_tce,3980.0,79.0,-79.0,4.722,0.03,-0.033,0.54,0.033,-0.033,294.12143,48.349522,13.738,0.015,0.985,0.0,100.0
815,11336883,K01445.01,Kepler-853 b,CONFIRMED,CANDIDATE,0.998,0,0,0,0,7.16893064,2.574e-05,-2.574e-05,135.67854,0.00301,-0.00301,0.573,0.362,-0.355,4.6766,0.0866,-0.0866,112.8,3.4,-3.4,1.61,0.31,-0.28,1187.0,469.56,248.31,-177.32,36.3,1,q1_q17_dr25_tce,6221.0,113.0,-138.0,4.198,0.13,-0.13,1.458,0.281,-0.255,283.9368,49.110329,12.32,0.045,0.955,0.0,100.0
2615,10190075,K03007.01,Unnamed Candidate,CANDIDATE,CANDIDATE,0.946,0,0,0,0,11.1916199,8.119e-05,-8.119e-05,138.04258,0.006,-0.006,0.895,0.077,-0.654,2.1,0.205,-0.205,166.4,17.0,-17.0,1.47,0.2,-0.1,782.0,88.34,30.94,-16.88,11.9,1,q1_q17_dr25_tce,5646.0,67.0,-84.0,4.464,0.051,-0.119,0.956,0.129,-0.07,283.33533,47.208832,14.528,0.985,0.015,0.0,100.0
2611,12404954,K00361.01,Kepler-537 b,CONFIRMED,CANDIDATE,1.0,0,0,0,0,3.247548814,5.908e-06,-5.908e-06,171.27807,0.00131,-0.00131,0.31,0.143,-0.31,2.5146,0.0444,-0.0444,209.7,4.7,-4.7,1.41,0.2,-0.07,1181.0,460.67,186.5,-78.75,51.6,1,q1_q17_dr25_tce,5703.0,103.0,-125.0,4.498,0.021,-0.119,0.975,0.14,-0.047,289.88065,51.277081,13.1,0.01,0.99,0.0,100.0
2600,7877978,K02760.01,Unnamed Candidate,CANDIDATE,CANDIDATE,1.0,0,0,0,0,56.5732318,0.0003096,-0.0003096,146.57984,0.00482,-0.00482,0.942,0.024,-0.667,4.188,0.152,-0.152,688.5,37.2,-37.2,2.69,0.08,-0.15,356.0,3.79,0.47,-0.66,21.6,1,q1_q17_dr25_tce,4701.0,74.0,-84.0,4.54,0.052,-0.016,0.775,0.022,-0.044,286.3718,43.691921,14.889,0.89,0.11,0.0,100.0
2572,10586004,K00275.02,Kepler-129 c,CONFIRMED,CANDIDATE,0.803,0,0,0,0,82.2001239,0.0003969,-0.0003969,208.79417,0.00338,-0.00338,0.001,0.385,-0.001,10.627,0.1,-0.1,233.9,5.0,-5.0,2.57,0.13,-0.18,525.0,17.96,2.87,-3.12,47.9,2,q1_q17_dr25_tce,5758.0,77.0,-68.0,4.072,0.033,-0.027,1.704,0.083,-0.118,285.31125,47.848564,11.696,0.075,0.925,0.0,100.0
2567,5436338,K02835.01,Unnamed Candidate,CANDIDATE,CANDIDATE,0.997,0,0,0,0,6.30922043,1.723e-05,-1.723e-05,133.99677,0.00231,-0.00231,0.118,0.338,-0.118,1.3251,0.0716,-0.0716,691.2,38.2,-38.2,1.37,0.1,-0.12,606.0,31.73,9.67,-8.46,22.5,1,q1_q17_dr25_tce,4380.0,130.0,-143.0,4.71,0.059,-0.032,0.53,0.041,-0.045,287.82639,40.696602,15.906,0.86,0.14,0.0,100.0
956,12252424,K00153.02,Kepler-113 b,CONFIRMED,CANDIDATE,1.0,0,0,0,0,4.75400072,2.846e-06,-2.846e-06,128.547155,0.000495,-0.000495,0.672,0.004,-0.507,2.5394,0.0219,-0.0219,748.7,6.0,-6.0,2.0,0.14,-0.06,775.0,85.23,20.48,-11.28,141.4,1,q1_q17_dr25_tce,4728.0,94.0,-94.0,4.628,0.012,-0.048,0.693,0.049,-0.021,287.99789,50.944328,13.461,0.035,0.965,0.0,100.0
946,11512246,K00168.01,Kepler-23 c,CONFIRMED,CANDIDATE,1.0,0,0,0,0,10.74241765,1.62e-05,-1.62e-05,133.2867,0.00125,-0.00125,0.034,0.257,-0.034,6.0633,0.0348,-0.0348,415.2,4.6,-4.6,3.06,0.19,-0.12,1008.0,243.94,47.22,-29.78,95.4,1,q1_q17_dr25_tce,5761.0,86.0,-69.0,4.091,0.018,-0.018,1.518,0.092,-0.061,294.21893,49.479221,13.438,0.01,0.99,0.0,100.0
987,6946199,K01359.01,Unnamed Candidate,CANDIDATE,CANDIDATE,1.0,0,0,0,0,37.1011418,0.0001187,-0.0001187,370.4803,0.00202,-0.00202,0.41,0.473,-0.225,5.5556,0.0788,-0.0788,1357.5,27.4,-27.4,3.19,0.88,-0.35,532.0,18.95,15.73,-6.0,55.2,2,q1_q17_dr25_tce,5986.0,179.0,-215.0,4.527,0.06,-0.192,0.85,0.234,-0.094,291.02069,42.46244,15.229,0.75,0.25,0.0,100.0
807,4274548,K01331.01,Unnamed Candidate,CANDIDATE,CANDIDATE,0.999,0,0,0,0,6.80082032,2.28e-05,-2.28e-05,359.17999,0.00243,-0.00243,0.597,0.086,-0.448,1.9883,0.0915,-0.0915,699.9,33.0,-33.0,1.88,0.23,-0.12,697.0,55.83,24.87,-13.68,25.5,1,q1_q17_dr25_tce,4805.0,172.0,-172.0,4.633,0.027,-0.063,0.688,0.083,-0.045,294.50842,39.398682,15.238,0.835,0.165,0.0,100.0
801,8547140,K01266.01,Kepler-801 b,CONFIRMED,CANDIDATE,1.0,0,0,0,0,11.41926141,2.322e-05,-2.322e-05,137.66894,0.00166,-0.00166,0.242,0.182,-0.242,3.9908,0.0545,-0.0545,915.6,18.1,-18.1,1.48,0.16,-0.23,419.0,7.32,3.38,-2.98,58.0,1,q1_q17_dr25_tce,3823.0,167.0,-184.0,4.765,0.077,-0.056,0.492,0.054,-0.074,286.07523,44.664639,15.314,0.02,0.98,0.0,100.0
799,8612847,K01264.01,Kepler-800 b,CONFIRMED,CANDIDATE,1.0,0,0,0,0,14.13175309,4.462e-05,-4.462e-05,142.26044,0.0026,-0.0026,0.848,0.015,-0.585,4.0136,0.0822,-0.0822,1033.0,29.7,-29.7,3.02,0.76,-0.25,675.0,49.18,37.58,-12.66,40.1,1,q1_q17_dr25_tce,5616.0,169.0,-169.0,4.564,0.031,-0.168,0.822,0.207,-0.069,286.57483,44.7952,15.762,0.035,0.965,0.0,100.0
1002,6541920,K00157.04,Kepler-11 f,CONFIRMED,CANDIDATE,0.998,0,0,0,0,46.6856205,0.000112,-0.000112,225.04604,0.00179,-0.00179,0.217,0.187,-0.217,6.3794,0.0615,-0.0615,588.8,10.0,-10.0,2.52,0.16,-0.16,513.0,16.41,3.74,-3.06,59.0,5,q1_q17_dr25_tce,5657.0,113.0,-101.0,4.364,0.055,-0.045,1.046,0.068,-0.068,297.11511,41.909142,13.709,0.005,0.995,0.0,100.0
1001,10724369,K01302.01,Kepler-809 b,CONFIRMED,CANDIDATE,1.0,0,0,0,0,55.6391882,0.0002097,-0.0002097,187.55044,0.00276,-0.00276,0.811,0.062,-0.553,7.316,0.131,-0.131,853.0,20.1,-20.1,3.13,0.97,-0.32,478.0,12.33,11.39,-3.64,48.3,1,q1_q17_dr25_tce,5949.0,176.0,-193.0,4.493,0.05,-0.2,0.962,0.297,-0.099,289.08365,48.018131,14.755,0.07,0.93,0.0,100.0
2656,6471021,K00372.01,Kepler-539 b,CONFIRMED,FALSE POSITIVE,0.006,1,0,0,0,125.6291479,0.0002405,-0.0002405,253.35079,0.00143,-0.00143,0.471,0.084,-0.261,9.108,0.103,-0.103,7841.6,61.1,-61.1,10.02,1.47,-1.33,388.0,5.35,2.03,-1.56,150.4,1,q1_q17_dr25_tce,5819.0,69.0,-87.0,4.334,0.132,-0.108,1.111,0.163,-0.148,299.12244,41.86676,12.391,0.085,0.915,0.0,100.0
2385,9837661,K02715.03,Unnamed Candidate,CANDIDATE,CANDIDATE,1.0,0,0,0,0,5.72084599,3.62e-05,-3.62e-05,134.66576,0.00616,-0.00616,0.166,0.305,-0.166,2.744,0.137,-0.137,1316.0,73.0,-73.0,1.78,0.11,-0.2,509.0,15.84,3.58,-4.52,20.5,3,q1_q17_dr25_tce,3640.0,81.0,-90.0,4.744,0.056,-0.024,0.503,0.03,-0.056,294.52859,46.640968,16.835,0.83,0.17,0.0,100.0
71,8395660,K00116.02,Kepler-106 e,CONFIRMED,CANDIDATE,0.998,0,0,0,0,43.84439721,9.613e-05,-9.613e-05,151.93538,0.00192,-0.00192,0.852,0.039,-0.585,6.802,0.119,-0.119,615.2,7.7,-7.7,2.87,0.43,-0.3,531.0,18.77,7.98,-4.8,83.7,2,q1_q17_dr25_tce,5854.0,105.0,-117.0,4.406,0.09,-0.11,1.012,0.154,-0.103,300.86398,44.337551,12.882,0.07,0.93,0.0,100.0
68,12066335,K00784.01,Kepler-231 c,CONFIRMED,CANDIDATE,1.0,0,0,0,0,19.27153892,4.145e-05,-4.145e-05,186.77093,0.00182,-0.00182,0.031,0.36,-0.031,2.7594,0.0551,-0.0551,1219.8,35.3,-35.3,1.93,0.1,-0.12,393.0,5.66,1.13,-1.06,37.1,1,q1_q17_dr25_tce,4077.0,81.0,-81.0,4.702,0.027,-0.027,0.56,0.03,-0.034,293.97336,50.53191,15.385,0.025,0.975,0.0,100.0
2405,5184911,K02719.01,Kepler-1324 b,CONFIRMED,CANDIDATE,1.0,0,0,0,0,4.11585514,1.16e-05,-1.16e-05,134.11726,0.00241,-0.00241,0.807,0.019,-0.57,1.4858,0.0825,-0.0825,425.8,24.9,-24.9,1.93,0.13,-0.2,895.0,151.55,40.56,-43.89,20.8,1,q1_q17_dr25_tce,4827.0,129.0,-144.0,4.508,0.084,-0.07,0.823,0.056,-0.086,291.18497,40.311211,15.141,0.14,0.86,0.0,100.0
2619,10749059,K03086.01,Unnamed Candidate,CANDIDATE,CANDIDATE,0.994,0,0,0,0,174.731515,0.003126,-0.003126,252.5348,0.0146,-0.0146,0.021,0.428,-0.021,8.257,0.343,-0.343,1179.9,82.8,-82.8,3.0,0.17,-0.3,287.0,1.6,0.31,-0.38,16.5,1,q1_q17_dr25_tce,5201.0,83.0,-83.0,4.447,0.098,-0.035,0.897,0.051,-0.089,297.88464,48.00145,15.707,0.835,0.165,0.0,100.0
993,11122894,K01426.01,Kepler-297 b,CONFIRMED,CANDIDATE,1.0,0,0,0,0,38.86848956,7.843e-05,-7.843e-05,171.30369,0.00163,-0.00163,0.028,0.334,-0.028,6.0573,0.0525,-0.0525,1004.9,15.1,-15.1,2.81,0.31,-0.25,509.0,15.89,5.3,-3.76,73.4,3,q1_q17_dr25_tce,5618.0,112.0,-112.0,4.46,0.081,-0.09,0.897,0.099,-0.081,283.20917,48.777641,14.232,0.005,0.995,0.0,100.0
1022,9573539,K00180.01,Kepler-484 b,CONFIRMED,CANDIDATE,1.0,0,0,0,0,10.04556377,1.571e-05,-1.571e-05,129.09371,0.00131,-0.00131,0.075,0.359,-0.075,3.2027,0.0445,-0.0445,671.4,11.7,-11.7,2.19,0.28,-0.1,766.0,81.61,29.84,-13.62,66.5,1,q1_q17_dr25_tce,5632.0,101.0,-124.0,4.554,0.019,-0.11,0.853,0.109,-0.039,284.39429,46.249081,13.024,0.035,0.965,0.0,100.0
1020,5371776,K01557.02,Kepler-304 d,CONFIRMED,CANDIDATE,1.0,0,0,0,0,9.65349016,1.43e-05,-1.43e-05,134.85555,0.00115,-0.00115,0.149,0.305,-0.149,2.9029,0.0438,-0.0438,1308.6,22.4,-22.4,2.41,0.17,-0.09,611.0,32.98,7.94,-4.71,63.1,2,q1_q17_dr25_tce,4723.0,94.0,-94.0,4.628,0.012,-0.045,0.691,0.049,-0.025,294.44177,40.55759,14.84,0.005,0.995,0.0,100.0
1015,9823487,K01489.01,Unnamed Candidate,CANDIDATE,CANDIDATE,1.0,0,0,0,0,16.00460392,5.995e-05,-5.995e-05,140.47981,0.00301,-0.00301,0.49,0.04,-0.424,3.9475,0.0887,-0.0887,831.9,28.2,-28.2,2.24,0.32,-0.16,583.0,27.41,12.98,-6.54,34.3,1,q1_q17_dr25_tce,5180.0,155.0,-155.0,4.597,0.026,-0.097,0.769,0.111,-0.056,288.23666,46.605919,15.554,0.785,0.215,0.0,100.0
4086,5959719,K02498.02,Kepler-390 c,CONFIRMED,CANDIDATE,0.905,0,0,0,0,13.0600399,0.0001119,-0.0001119,144.33107,0.00642,-0.00642,0.495,0.027,-0.449,2.851,0.248,-0.248,106.8,9.7,-9.7,0.8,0.06,-0.04,630.0,37.3,8.34,-6.35,12.5,2,q1_q17_dr25_tce,5168.0,102.0,-102.0,4.566,0.036,-0.048,0.769,0.049,-0.04,291.62878,41.208599,13.942,0.22,0.78,0.0,100.0
1037,10810838,K00174.01,Kepler-482 b,CONFIRMED,CANDIDATE,0.999,0,0,0,0,56.35407916,9.756e-05,-9.756e-05,144.83768,0.00136,-0.00136,0.835,0.047,-0.572,3.4449,0.0661,-0.0661,1037.0,20.2,-20.2,2.59,0.1,-0.16,352.0,3.63,0.61,-0.69,59.4,1,q1_q17_dr25_tce,4802.0,96.0,-96.0,4.582,0.049,-0.017,0.701,0.027,-0.044,296.82291,48.107552,13.779,0.065,0.935,0.0,100.0
1036,7629518,K01495.01,Kepler-863 b,CONFIRMED,CANDIDATE,0.999,0,0,0,0,15.59466045,4.228e-05,-4.228e-05,137.5636,0.00227,-0.00227,0.266,0.161,-0.266,5.0478,0.0699,-0.0699,867.7,20.2,-20.2,2.74,0.88,-0.29,718.0,62.88,60.3,-18.94,49.2,1,q1_q17_dr25_tce,5900.0,176.0,-193.0,4.5,0.052,-0.208,0.929,0.297,-0.099,297.66452,43.248959,15.43,0.02,0.98,0.0,100.0
1035,11821363,K01494.01,Unnamed Candidate,CANDIDATE,CANDIDATE,0.994,0,0,0,0,8.19596647,3.998e-05,-3.998e-05,136.68736,0.00427,-0.00427,0.252,0.198,-0.252,2.824,0.13,-0.13,792.8,45.9,-45.9,2.04,0.13,-0.19,672.0,48.2,14.22,-13.82,20.2,1,q1_q17_dr25_tce,4723.0,167.0,-167.0,4.557,0.063,-0.032,0.747,0.046,-0.069,295.45715,50.077171,15.858,0.86,0.14,0.0,100.0
1030,10019065,K01721.01,Kepler-938 b,CONFIRMED,CANDIDATE,1.0,0,0,0,0,52.6298542,0.0003281,-0.0003281,155.61064,0.00569,-0.00569,0.311,0.147,-0.311,6.118,0.166,-0.166,675.8,29.1,-29.1,3.68,0.55,-1.36,544.0,20.65,8.4,-12.9,27.2,1,q1_q17_dr25_tce,5339.0,88.0,-72.0,4.096,0.368,-0.092,1.433,0.212,-0.531,294.78915,46.98399,15.004,0.055,0.945,0.0,100.0
1028,5009743,K01609.01,Kepler-906 b,CONFIRMED,CANDIDATE,0.996,0,0,0,0,41.6980186,0.0001434,-0.0001434,169.57548,0.0028,-0.0028,0.002,0.407,-0.002,5.7047,0.0839,-0.0839,440.8,11.6,-11.6,2.03,0.31,-0.14,537.0,19.61,8.2,-4.05,43.4,1,q1_q17_dr25_tce,5997.0,107.0,-131.0,4.466,0.048,-0.112,0.971,0.145,-0.067,291.40555,40.125488,13.956,0.095,0.905,0.0,100.0
2671,7603200,K00314.01,Kepler-138 c,CONFIRMED,CANDIDATE,1.0,0,0,0,0,13.78109471,1.027e-05,-1.027e-05,177.852785,0.00057,-0.00057,0.545,0.08,-0.406,2.3188,0.0267,-0.0267,756.0,7.8,-7.8,1.42,0.09,-0.13,402.0,6.17,1.39,-1.55,112.8,1,q1_q17_dr25_tce,3846.0,77.0,-84.0,4.738,0.052,-0.024,0.503,0.032,-0.048,290.3815,43.292988,12.925,0.13,0.87,0.0,100.0
2355,5688910,K02856.01,Kepler-1369 b,CONFIRMED,CANDIDATE,0.918,0,0,0,0,25.8730914,0.0001464,-0.0001464,143.28644,0.00585,-0.00585,0.196,0.246,-0.196,5.085,0.216,-0.216,694.4,39.6,-39.6,2.88,0.91,-0.39,667.0,46.82,44.92,-16.46,20.1,1,q1_q17_dr25_tce,6036.0,190.0,-211.0,4.382,0.09,-0.21,1.093,0.345,-0.148,285.79724,40.93618,15.323,0.07,0.93,0.0,100.0
2670,7419318,K00313.02,Kepler-137 b,CONFIRMED,CANDIDATE,1.0,0,0,0,0,8.43639829,1.086e-05,-1.086e-05,179.88704,0.00103,-0.00103,0.51,0.027,-0.415,3.2451,0.0345,-0.0345,345.5,5.1,-5.1,1.5,0.1,-0.08,742.0,71.51,16.51,-12.46,76.8,2,q1_q17_dr25_tce,5188.0,103.0,-103.0,4.547,0.04,-0.05,0.795,0.053,-0.043,282.13553,43.039101,12.99,0.005,0.995,0.0,100.0
2669,7419318,K00313.01,Kepler-137 c,CONFIRMED,CANDIDATE,1.0,0,0,0,0,18.73577127,2.211e-05,-2.211e-05,177.634372,0.000931,-0.000931,0.785,0.059,-0.544,3.0356,0.0357,-0.0357,567.2,7.7,-7.7,2.1,0.14,-0.12,568.0,24.66,5.7,-4.29,81.8,1,q1_q17_dr25_tce,5188.0,103.0,-103.0,4.547,0.04,-0.05,0.795,0.053,-0.043,282.13553,43.039101,12.99,0.005,0.995,0.0,100.0
2663,7582689,K03097.02,Kepler-431 b,CONFIRMED,CANDIDATE,0.982,0,0,0,0,6.80257947,6.099e-05,-6.099e-05,138.0478,0.00729,-0.00729,0.889,0.072,-0.685,4.608,0.219,-0.219,32.7,2.4,-2.4,0.73,0.12,-0.05,1026.0,262.26,110.75,-47.97,14.7,2,q1_q17_dr25_tce,6006.0,72.0,-84.0,4.403,0.054,-0.117,1.082,0.178,-0.076,281.11234,43.227791,11.973,0.07,0.93,0.0,100.0
95,3641726,K00804.01,Unnamed Candidate,CANDIDATE,CANDIDATE,1.0,0,0,0,0,9.02930689,1.648e-05,-1.648e-05,177.20422,0.00142,-0.00142,0.024,0.401,-0.024,3.1449,0.0528,-0.0528,1019.8,21.9,-21.9,2.57,0.44,-0.26,757.0,77.75,43.01,-22.28,53.9,1,q1_q17_dr25_tce,5349.0,167.0,-167.0,4.526,0.063,-0.108,0.82,0.141,-0.082,290.33362,38.72823,15.387,0.765,0.235,0.0,100.0
9178,5364071,K00248.01,Kepler-49 b,CONFIRMED,CANDIDATE,1.0,0,0,0,0,7.203855862,5.921e-06,-5.921e-06,170.285731,0.000652,-0.000652,0.037,0.259,-0.037,2.5418,0.0226,-0.0226,1765.9,19.2,-19.2,2.25,0.13,-0.17,509.0,15.87,3.28,-3.47,101.1,1,q1_q17_dr25_tce,3834.0,77.0,-84.0,4.708,0.045,-0.021,0.539,0.03,-0.041,292.29459,40.591789,15.264,0.02,0.98,0.0,100.0
9177,9757613,K00250.04,Kepler-26 e,CONFIRMED,CANDIDATE,0.965,0,0,0,0,46.82767725,9.794e-05,-9.794e-05,136.74468,0.00179,-0.00179,0.393,0.027,-0.393,1.9033,0.0569,-0.0569,1537.7,52.9,-52.9,2.13,0.12,-0.16,276.0,1.37,0.28,-0.3,32.4,3,q1_q17_dr25_tce,3879.0,77.0,-85.0,4.708,0.045,-0.021,0.537,0.03,-0.041,284.94098,46.56654,15.473,0.025,0.975,0.0,100.0
1027,10055126,K01608.02,Kepler-311 c,CONFIRMED,CANDIDATE,0.998,0,0,0,0,19.7383992,0.0001172,-0.0001172,133.28544,0.00499,-0.00499,0.732,0.011,-0.535,4.894,0.136,-0.136,168.1,8.9,-8.9,1.61,0.26,-0.23,744.0,72.32,32.18,-23.36,20.3,2,q1_q17_dr25_tce,5903.0,106.0,-117.0,4.3,0.15,-0.1,1.156,0.185,-0.166,282.06128,47.085491,13.797,0.005,0.995,0.0,100.0
1026,10055126,K01608.01,Kepler-311 b,CONFIRMED,CANDIDATE,1.0,0,0,0,0,9.17617167,3.418e-05,-3.418e-05,138.71393,0.00304,-0.00304,0.107,0.324,-0.107,4.2642,0.0897,-0.0897,206.9,6.5,-6.5,1.66,0.26,-0.24,960.0,200.99,89.44,-64.92,34.3,1,q1_q17_dr25_tce,5903.0,106.0,-117.0,4.3,0.15,-0.1,1.156,0.185,-0.166,282.06128,47.085491,13.797,0.005,0.995,0.0,100.0
4038,8733898,K02842.03,Kepler-446 c,CONFIRMED,CANDIDATE,0.947,0,0,0,0,3.036208739,7.243e-06,-7.243e-06,134.06146,0.00265,-0.00265,0.111,0.328,-0.111,0.9324,0.0522,-0.0522,1820.5,87.7,-87.7,1.4,0.17,-0.15,520.0,17.31,6.27,-4.44,26.0,2,q1_q17_dr25_tce,3464.0,69.0,-55.0,4.923,0.044,-0.044,0.328,0.04,-0.036,282.25021,44.921108,16.257,0.045,0.955,0.0,100.0
